campo,status,fonte_a,valor_a,fonte_b,valor_b,fonte_c,valor_c,fonte_d,valor_d,resolucao_adotada,responsavel
Número de docentes,RESOLVIDO,Site /indicadores,21 permanentes,Página oficial de docentes,25 registros,Painel APCN,24 no núcleo,Proposta APCN tabela corpo docente,21 permanentes + 3 colaboradores,"Os três valores estavam corretos medindo coisas diferentes. A página lista 25; excluindo Guilherme Jorge Brigolini Silva restam 24 docentes: 21 permanentes e 3 colaboradores. O 21 do site referia-se apenas aos permanentes. Portal publica 24 total / 21 permanentes / 3 colaboradores.",Resolvido
Categoria formal de docentes,DIVERGENTE,Rótulo no currículo Lattes,21 permanentes / 3 colaboradores,Categoria oficial 2024 (painel APCN),19 permanentes / 4 colaboradores / 1 sem categoria,,,,,"Divergência entre rótulo declarado no Lattes e categoria oficial registrada em 2024. Portal adota a tabela da proposta APCN (21+3). Conferência formal por docente consta como providência na matriz de conformidade.",Secretaria
Distribuição Qualis da produção,NAO_PUBLICADO,ScriptLattes,campo qualis vazio em 100% dos registros,,,,,,,"Nenhuma estimativa publicada. Seção exibe 'não disponível'. Comprovação de percentil Scopus/WoS consta como pendência crítica antes da submissão da APCN.",Comissão de Produção
Total de artigos 2021-2026,PRELIMINAR,Lattes soma por docente,370,Lattes deduplicado por DOI/título,308,,,,,"Ambos publicados lado a lado. Diferença decorre de coautoria interna ao Programa e é explicada no portal. Total único (308) é o indicador principal.",Comissão de Produção
Totais históricos de titulados,PRELIMINAR,Site atual,430 dissertações e 132 teses,Painel APCN recorte 2021-2026,118 dissertações e 48 teses,,,,,"Publicados separadamente com aviso. Os dois recortes medem períodos diferentes e não devem ser somados. Totais históricos dependem de conferência na Sucupira.",Secretaria
Estrutura de áreas e linhas,PRELIMINAR,Site atual,3 áreas (Biomateriais / Materiais Avançados / Tecnologia Mineral),Avaliação Quadrienal 2021-2024,17 linhas históricas com sobreposição,Proposta APCN 2026,2 áreas de concentração e 4 linhas,,,"Portal adota a arquitetura de 2 áreas e 4 linhas da proposta APCN 2026, marcada PRELIMINAR com aviso de que aguarda aprovação no Colegiado.",Colegiado
Valores de captação de recursos,PRELIMINAR,Planilha de captação (deduplicada),"R$ 80.643.902,79 sem dupla contagem no recorte 2021-2026",Planilha de captação (por vínculo),"R$ 125.093.944,30 somando coordenação e participação",,,,,"Publicado apenas o agregado institucional sem dupla contagem. Valor por vínculo não é somável entre docentes (o mesmo projeto conta para vários). Valores individuais não publicados. 73 pendências documentais impedem status VALIDADO.",Comissão de Projetos
Número de projetos,PRELIMINAR,Planilha - projetos únicos totais,122,Planilha - projetos únicos no recorte 2021-2026,110,,,,,"Portal publica 110 (recorte 2021-2026), coerente com o período dos demais indicadores.",Comissão de Projetos
Vinculação de docentes às linhas,PRELIMINAR,Proposta APCN cenário 12A,9 docentes nomeados por linha,Proposta curricular (responsabilidade por disciplina),14 docentes inferidos,,,,,"Docentes nomeados na proposta recebem status VALIDADO; os inferidos da responsabilidade por disciplina recebem PRELIMINAR e são marcados com asterisco no portal. 1 docente sem vinculação documentada: EM_DEFINICAO.",Colegiado
Inventário de laboratórios,NAO_PUBLICADO,Nenhuma fonte confirmada,-,,,,,,,"Nenhuma lista publicada. A v1.0 deste projeto continha 15 laboratórios com responsáveis não confirmados em qualquer fonte; foram removidos. Consta como providência na seção 14 da proposta APCN.",Responsáveis de laboratório
Acordos internacionais vigentes,NAO_PUBLICADO,Proposta APCN,portfólio consta como pendência,,,,,,,"Nenhuma lista publicada. Portal exibe apenas vínculos de currículo por país, explicitando que são vínculos e não acordos formais.",Comissão de Internacionalização
Valores de bolsa CAPES,NAO_PUBLICADO,Site atual,"R$ 1.500 mestrado / R$ 2.200 doutorado",,,,,,,"Removidos. Valores de bolsa são definidos nacionalmente pelas agências e mudam periodicamente. Portal remete às tabelas oficiais da CAPES e do CNPq.",Coordenação
Situação do curso de Doutorado,EM_DEFINICAO,Proposta APCN 2026,proposta em elaboração com 12-13 docentes e 10 vagas previstas,,,,,,,"Portal avisa explicitamente que o Doutorado não está em funcionamento e que nenhuma inscrição está aberta. Vagas sujeitas a decisão colegiada após simulação de capacidade.",Comissão APCN
Catálogo de disciplinas,EM_DEFINICAO,Proposta curricular,39 disciplinas (10 núcleo comum + 29 específicas),Painel APCN,37 disciplinas todas com situação 'validar e aprovar no Colegiado',,,,,"Publicado como catálogo proposto, com aviso de que não representa oferta vigente. Cargas horárias das específicas e docentes responsáveis não consolidados.",GT curricular
Situação do curso de Doutorado,RESOLVIDO,Site oficial /doutorado,"Curso ATIVO — 8 semestres, 34 créditos, seleção anual, bolsa até 48 meses",Página de discentes,"63 doutorandos matriculados, ingressos 2012–2026",Site /indicadores,132 teses defendidas,Proposta APCN 2026,"'Criação do curso de Doutorado Acadêmico' / 'Nova proposta de curso'","RESOLVIDO COM CORREÇÃO. O Doutorado ESTÁ EM FUNCIONAMENTO — a versão 2.0 do portal afirmava o contrário e foi corrigida. A proposta APCN 2026 refere-se à criação de curso em forma associativa UFOP-UEMG e é tratada em seção própria. A relação formal entre os dois (substituição, reformulação ou curso adicional) deve ser esclarecida pela Comissão APCN.",Comissão APCN
Endereço e telefone do Programa,RESOLVIDO,"Páginas de docentes, técnicos e credenciamento","Praça Tiradentes, 20 — Centro, Ouro Preto — MG, 35400-084 · (31) 3559-1596",Versão 2.0 do portal,Campus Morro do Cruzeiro (incorreto),,,,,"RESOLVIDO. Endereço confirmado em três páginas do site oficial. A versão 2.0 informava o Campus Morro do Cruzeiro por inferência.",Resolvido
Classificação da produção por estrato,PARCIAL,ScriptLattes (campo Qualis),vazio em 100% dos registros,Mapa de publicações (Scopus 2025),"quartil para 120 de 204 periódicos — Q1 92, Q2 55, Q3 32, Q4 4 dos artigos únicos",,,,,"Qualis CAPES segue não publicado. O portal passa a publicar o quartil Scopus 2025, explicitando que é classificação distinta e que 127 dos 310 artigos estão em periódicos sem quartil Scopus. Comprovação formal de percentil para a APCN segue pendente.",Comissão de Produção
Valor global de captação,DIVERGENTE,Painel de projetos (corte 29/08/2026),"R$ 118.205.303,36 em 119 projetos únicos; 95 contabilizáveis",Planilha deduplicada (aba Projetos únicos),"R$ 80.643.902,79 no recorte 2021–2026; 110 projetos",,,,,"Regras de contabilização diferentes (universo de projetos e tratamento de valores ausentes). O portal adota os números do painel integrado, por ser a versão curada mais recente, e declara a divergência.",Comissão de Projetos
Número de bolsistas de produtividade,DIVERGENTE,Proposta APCN — tabela de corpo docente,11 bolsistas CNPq (8 PQ + 3 DT),Painel de projetos (cenário PQ/DT),10 bolsistas PQ/DT,Informação da coordenação,Antônio Valadão Cardoso é bolsista de produtividade pela UEMG,,,"O portal publica 11 bolsistas CNPq mais 1 bolsista de produtividade pela UEMG, totalizando 12. A divergência 10 vs. 11 no painel permanece para conferência.",Secretaria
Total de artigos únicos 2021-2026,PARCIAL,Extração própria (dedup DOI/título),308,Mapa de publicações (mesma metodologia),310,,,,,"Diferença de 2 artigos por variação na normalização de títulos sem DOI. O portal adota 310, do mapa de publicações, por ser a fonte curada usada também para o cruzamento Scopus.",Comissão de Produção
Logos de instituições parceiras,NAO_PUBLICADO,Marcas registradas de terceiros,-,,,,,,,"Nenhum logo de parceiro incluído no pacote. Os cartões exibem o nome da instituição; o slot de imagem (assets/img/parceiros/<slug>.png) só é preenchido após autorização de uso de cada titular.",Coordenação / Comunicação
