lattes,nome_lattes,chars,resumo
0576192110271130,Rodrigo Fernando Bianchi,2282,"Graduado em Física pela Universidade de São Paulo - USP (1995); mestre (1997) e doutor (2002) em Ciência e Engenharia de Materiais pela USP; doutorado sanduíche no Department of Chemistry da University of North Carolina - Chapel Hill (EUA, 2000); pós-doutorado no Instituto de Física de São Carlos - USP (2002-2006) e pesquisador visitante do Department of Electrical Engineering and Computer Sciences da Universidade da California - Berkeley (EUA, 2011-2013). Foi docente do Departamento de Engenharia de Sistemas Eletrônicos da Escola Politécnica da USP (2004-2006), membro da Câmara de Ciências Exatas e Materiais da Fapemig (2011-2012), Coordenador do Núcleo de Inovação Tecnológica e Empreendedorismo da UFOP (2013-2014), Coordenador da Incubadora Cultural e Tecnológica da UFOP (2013-2014), Pró-reitor de Planejamento e Desenvolvimento da UFOP (2014-2017 e 2025), Docente do Programa de Doutorado em Física da UFV (2009-2019), Diretor Científico da Sociedade Brasileira de Pesquisa em Materiais - SBPMat (2014-2018), Membro do Comitê Gestor do Instituto Nacional de Eletrônica Orgânica - INEO/CNPq (2010-2022) e Vice-Diretor do Instituto de Ciências Exatas e Biológicas da UFOP (2017-2021). É Professor Titular do Departamento de Física da UFOP e Professor Permanente dos Programas de Pós-Graduacão em Engenharia de Materiais; de Ciências: de Física de Materiais; e de Empreendedorismo (Profissional) da UFOP. Possui 82 artigos,16 patentes depositadas, 02 cartas patente, 01 patente licenciada, diversos protótipos de dispositivos desenvolvidos, 03 livros, 05 capítulos de livros, 01 trabalho como fundo de cena de questões do ENADE (em 2008) e 02 do ENEM (em 2017 e 2025). Orientou 08 e coorientou 03 doutores; orientou 30 e coorientou 09 mestres; e orientou mais de 40 ICs e TCCs. Recebeu o prêmio Destaque Científico do ICEB-UFOP (2011), a Medalha H. Gorceix (2013), o Prêmio Mineiro de Inovação (Edição 2014) e mais de 30 prêmios científicos e de inovação tecnológica. É um dos idealizadores do Laboratório de Polímeros e de Propriedades Eletrônicas de Materiais (LAPPEM) e das statups Lifee e As31. Tem experiência em empreendedorismo e na área de Física de Materiais, atuando principalmente na pesquisa de dispositivos eletrônicos orgânicos. (Texto informado pelo autor)"
0873693558323059,Thiago Cazati,1635,"Graduado em Física pelo Instituto de Física de São Carlos (IFSC-USP), com mestrado e doutorado em Ciências e Engenharia de Materiais pela mesma instituição (USP). Realizou estágio de pós-doutorado na Universidade de Durham, no Reino Unido. Atualmente é Professor Titular (classe D) do Departamento de Física da Universidade Federal de Ouro Preto (UFOP), professor permanente do Programa de Pós-Graduação em Física dos Materiais (FIMAT) e do Programa de Pós-Graduação em Engenharia de Materiais (REDEMAT). Atuou como coordenador institucional dos Programas de Iniciação Científica da UFOP (2020 a 2021) e como Pró-Reitor Adjunto de Pesquisa, Pós-Graduação e Inovação da UFOP (2021 a 2023). Possui experiência na área de Física Experimental, com ênfase em Física da Matéria Condensada. Seus principais temas de atuação envolvem o estudo e a caracterização de propriedades optoeletrônicas de moléculas orgânicas semicondutoras, com foco na investigação de transições eletrônicas e fenômenos decorrentes de interações intermoleculares, por meio de técnicas espectroscópicas como absorção UV-Vis, fotoluminescência estacionária e resolvida no tempo. Outra linha de pesquisa concentra-se na caracterização fotofísica de moléculas orgânicas em sistemas doador-aceitador de cargas, voltada para aplicações em dispositivos eletrônicos orgânicos, especialmente células solares orgânicas (OPVs), visando a compreensão dos processos de fotogeração, dissociação e transporte de portadores de carga em semicondutores orgânicos. Coordena o Laboratório de Materiais Optoeletrônicos (LAMOe) da UFOP - https://lamoe.ufop.br/ (Texto informado pelo autor)"
0954824992144106,Geraldo Lúcio de Faria,1802,"Possui graduação em Física Aplicada a Ciência dos Materiais pela Universidade Federal de Ouro Preto (2006), Mestrado (2008) e Doutorado (2011) em Engenharia de Materiais pela Rede Temática em Engenharia de Materiais (UFOP-CETEC-UEMG). Atualmente é Professor Associado do Departamento de Engenharia Metalúrgica e de Materiais da Universidade Federal de Ouro Preto. Atua na instituição como Professor da Área de Metalurgia Física, sendo responsável pelas disciplinas de Tratamentos Térmicos dos Metais, Técnicas de Análise Estrutural, Ensaios Mecânicos e Tecnologia dos Materiais Metálicos. Tem experiência nas áreas de Física da Matéria Condensada, Engenharia de Materiais e Metalurgia Física. Atua principalmente na grande área da Metalurgia Física, com ênfase em Caracterização de Materiais e na interface entre Tratamentos Térmicos, Estrutura e Propriedades dos Metais. Desenvolve pesquisas na área de Cinética de Transformação de Fases em ligas Metálicas por meio da aplicação de ferramentas experimentais de Dilatometria. É membro do Grupo de Estudos Sobre Fratura de Materiais (GesFraM) desde 2012. É Professor do quadro de docentes permanentes do Programa de Pós-Graduação em Engenharia de Materiais da Rede Temática em Engenharia de Materiais (REDEMAT) desde 2013. É membro da Academia de Ciências de Ouro Preto desde 2015. É Docente Permanente do Programa de Pós-Graduação em Engenharia Mecânica (PROPEM) da Escola de Minas da UFOP desde 2019. É Subeditor da área de Metais da Revista Matéria desde 2021. É membro da Comissão Técnica de Fundamentos e Processos Metalúrgicos da Associação Brasileira de Metalurgia, Materiais e Mineração desde 2019. É membro da Comissão Técnica de Conformação da Associação Brasileira de Metalurgia, Materiais e Mineração desde 2022. (Texto informado pelo autor)"
1219153096910234,Américo Tristão Bernardes,1228,"graduado em Engenharia Elétrica pela Universidade Federal de Juiz de Fora (1977), mestrado em Física pela Universidade Federal do Rio Grande do Sul (1980) e doutorado em Física pela Universidade de São Paulo (1989). Realizou estágio de pós-doutorado na Universidade de Colônia, Alemanha, em 1995. Foi membro da Câmara de Ciências Exatas e Materiais da Fundação de Amparo à Pesquisa do Estado de Minas Gerais (2003-06), tendo sido seu coordenador entre 2005-06. Foi diretor do Departamento de Infraestrutura para Educação a Distância do Ministério da Educação entre 2003-04. Foi membro do Conselho de Administração da Rede Nacional de Ensino e Pesquisa entre 2003 e 2009 e Chefe do Centro de Capacitação do Inmetro entre 2007 e 2012. Foi diretor do Departamento para Inclusão Digital do Ministério da Ciência, Tecnologia, Inovações e Comunicações entre 2012-2019. É Professor Titular da Universidade Federal de Ouro Preto. Pesquisa em Mecânica Estatística, com ênfase em Sistemas Complexos, tendo como linhas: problemas biologicamente motivados, economia e sociologia; simulações em materiais não homogêneos (granulares, fibrosos). Foi presidente da Sociedade Brasileira de Metrologia entre 2018-2022 (Texto informado pelo autor)"
1370798140664840,Eliane Ayres,1668,"Bolsista de Produtividade CNPq em Desenvolvimento Tecnológico e Extensão Inovadora - DT - C. Graduada em Engenharia Química pela Universidade Federal do Rio de Janeiro (1979), mestrado (2002) e doutorado (2006) em Engenharia Metalúrgica e de Minas, pela Universidade Federal de Minas Gerais, área de concentração Ciência e Engenharia de Materiais. Possui experiência em indústria química onde atuou como pesquisadora em laboratório de PD na área de síntese de polímeros acrílicos (emulsão, solução e suspensão) e poliuretanos (1979-1990). Foi bolsista de desenvolvimento tecnológico e industrial (DTI) (2007-2008) no laboratório de polímeros e compósitos da UFMG. Desde 2009 é professora de ensino superior nível VII-E da Universidade do Estado de Minas Gerais (UEMG) no Departamento de Formação Tecnológica (DEFT) e professora permanente do Programa de Pós-Graduação strictu sensu em Design (PPGD) da UEMG. Foi membro da câmara de assessoramento de arquitetura e engenharias da FAPEMIG. Orienta pesquisas de mestrado doutorado na área de polímeros e compósitos com ênfase em aproveitamento de resíduos para aplicação em produtos inovadores . Orientou projeto ganhador do XXVI Prêmio Jovem Cientista e projeto contemplado com menção honrosa no prêmio MERCOSUL de Ciência e Tecnologia em 2015. É uma das inventoras da patente ganhadora do prêmio Patente do Ano, conferido pela Associação Brasileira da Propriedade Industrial (abpi) em 2022. É professora permanente e membro do colegiado da Pós-Graduação em Engenharia de Materiais da REDEMAT (Rede Temática em Engenharia de Materiais UFOP-UEMG). Orcid: https://orcid.org/0000-0001-8734-0056 (Texto informado pelo autor)"
1642083834158700,Hugo Bonette de Carvalho,1228,"Possuo bacharelado e licenciatura em física pela Universidade Estadual de Campinas (1999), mestrado em Física pela Universidade Estadual de Campinas (2002), doutorado em Física pela Universidade Estadual de Campinas (2006) e pós-doutorado no Instituto Paul Drude em Berlim, Alemanha. Atualmente estou professor Titular na Universidade Federal de Alfenas (UNIFAL). Tenho experiência na área de Física, com ênfase em Propriedades Eletricas, Magnéticas e Óticas da Matéria Condensada. Nosso foco de trabalho está relacionado a novos materiais e dispositivos. Mais especificamente trabalhamos com materiais óxidos semicondutores multifuncionais aplicados a diferentes áreas de interesse, como a spintrônica, catálise do hidrogênio, fotocatálise heterogênea na degradação de poluentes, conversão termoelétrica e em biomedicina, no que se refere a sistemas de entrega seletiva de fármacos, bioimageamento e como agente antimicrobiano. Possuímos uma rede de colaboração nacional com grandes centros de pesquisas nacionais (UNIFEI, UFLA, UFSJ, UFOP, UFSCAR, CDTN, UNICAMP e a USP. Contamos ainda com colaborações internacionais de grande porte em Valência na Espanha e em Keele na Inglaterra e no Paquistão. (Texto informado pelo autor)"
1693319153878178,Kátia Monteiro Novack,822,"Possui graduação em Licenciatura em Química pela Universidade do Estado do Rio de Janeiro (1997), graduação em Engenharia Química pela Universidade Federal Rural do Rio de Janeiro (1984), mestrado (1991) e doutorado (1997) em Ciência e Tecnologia de Polímeros pelo Instituto de Macromoléculas Professora Eloisa Mano (IMA) da Universidade Federal do Rio de Janeiro. Atualmente é Professora Titular da Universidade Federal de Ouro Preto e Docente Permanente do Programa de Pós-Graduação em Engenharia de Materiais (REDEMAT). Tem experiência na área de Química, com ênfase em Polímeros, atuando principalmente nos seguintes temas: biopolímeros, microesferas, biodegradação, propriedades térmicas, cristalinidade, reciclagem, compósitos, copolímeros graftizados e liberação controlada de fármacos. (Texto informado pelo autor)"
1775441236942704,Fernando Soares Lameiras,1062,"Possui graduação (bacharelado) em Física pela UFMG - Universidade Federal de Minas Gerais (1976), Especialização em Tecnologia Nuclear (UFMG/NUCLEBRÁS, 1978), mestrado em Ciências e Técnicas Nucleares (UFMG, 1982) e doutorado em Engenharia Metalúrgica e de Minas (UFMG, 1991). É pesquisador aposentado do CDTN - Centro de Desenvolvimento da Tecnologia Nuclear, da CNEN - Comissão Nacional de Energia Nuclear, onde iniciou suas atividades em 1977. É docente do Programa de Pós-Graduação em Ciência e Tecnologia das Radiações, Minerais e Materiais do CDTN (mestrado e doutorado). Atua na área de engenharia de materiais (combustível nuclear, materiais cerâmicos, beneficiamento de gemas). Desde 2005 está envolvido com utilização de rejeitos da mineração. Atualmente é Subcoordenador do Projeto Granioter, projeto de encomenda do MCTI e financiado pela Finep, focado em desenvolvimento tecnológico de minerais e materiais estratégicos (grafeno, nióbio, terras raras e lítio). É membro da Câmara de Arquitetura e Engenharias da Fapemig. (Texto informado pelo autor)"
1848076566428564,Rita de Castro Engler,1546,"Possui graduação em Engenharia Civil pela Universidade Federal de Minas Gerais (1985), mestrado em Engenharia de Produção pela Pontifícia Universidade Católica do Rio de Janeiro (1988) e especialização(DEA) e doutorado em Engenharia de Produção e Gestão de Inovação Tecnologica - Ecole Centrale Paris (1993), pós-doutorado em Design na UEMG(1994), pós-doutorado em Design Social na Ryerson University(2014). Foi bolsista de mestrado Na PUC/RJ, chargé des cours na Ecole des Mines de Paris, Bolsista de doutorado e pesquisadora na Ecole Centrale Paris, Coordenadora de Projetos no Centro de Pesquisas e Desenvolvimento da UEMG, Professora e Coordenadora do Mestrado em Gestão de Tecnologia do CEFET/RJ, criou e coordenou o Centro de Lideranças da BSP- Business School São Paulo, diretora e sócia da Eventail_ Produções & Eventos, atualmente é Professora concursada em Inovação e Design do programa de doutorado e mestrado em Design da UEMG, pesquisadora com bolsa de produtividade do CNPq, Professora convidada da University of Tennessee, CBU - Christian Brothers University, Middle Tennessee State University, Ryerson University, POLITO, CPUT- Cape Peninsula University of Technology e Stellenbosch University, UAL - University of Arts London, responsável no Brasil pelo Consorcio de Engineering Management, e coordenadora do CEDTec - Centro de Pesquisa e Desenvolvimento em Design e Tecnologia da UEMG, laboratório membro da Rede DESIS(rede Mundial de Inovação Social) e do LENS( Leraning network on sustainability). (Texto informado pelo autor)"
1995142616892313,Leonardo Barbosa Godefroid,1833,"Eu sou formado em Engenharia Metalúrgica pela Universidade Federal de Ouro Preto - UFOP (1980), Mestre em Ciência dos Materiais pelo Instituto Militar de Engenharia - IME (1983) e Doutor em Engenharia Metalúrgica e Materiais pela Universidade Federal do Rio de Janeiro - UFRJ (1993), Brasil. Eu trabalho na UFOP há mais de 40 anos e atualmente sou professor titular do Departamento de Engenharia Metalúrgica. Ocupei vários cargos administrativos na UFOP, incluindo Diretor da Escola de Minas. Tenho experiência na área de comportamento mecânico de materiais, trabalhando principalmente nos seguintes tópicos: fadiga, tenacidade à fratura, análise de falhas, aços para as indústrias automotiva, de dutos e do setor ferroviário, ligas de alumínio para aeronáutica. Eu sou fundador, com Luiz Cláudio Cândido e Willy Ank de Morais, do Grupo de Estudos sobre Fratura de Materiais - GesFraM (www.gesfram.wixsite.com/meusite). Fui co-responsável pelo Curso de Análise de Falhas da Associação Brasileira de Metalurgia - ABM, de 2001 a 2018. Fui coordenador do ''Seminário de Mecânica da Fratura e Integridade Estrutural'' na ABM, de 1995 a 2016. Fui coordenador do ''Structure -Properties Relationship of Advanced Metallic Materials Symposium'', SBPMAT, de 2009 a 2018. Eu atuo como revisor dos seguintes periódicos: International Journal of Fatigue, Materials Science Engineering A, Metallurgical Materials Transactions A, Engineering Failure Analysis, Journal of Materials Engineering and Performance, Journal of Materials Research Technology, Zeitschrift für Metallkunde, Materials Performance Characterization, Annals of Nuclear Energy, Materials Design, Inspeção e Soldagem, Materia. Fui membro da Sociedade Americana de Materiais (ASM, 1988-2024) e da Associação Brasileira de Metalurgia - ABM (1979-2019). (Texto informado pelo autor)"
2373454332205980,Alan Barros de Oliveira,459,"Possui graduação em Física/Bacharelado pela Universidade Federal da Bahia (2001), mestrado em Física pela Universidade Federal do Rio Grande do Sul (2004) e doutorado em Física pela Universidade Federal do Rio Grande do Sul (2008). Tem experiência na área de Física, com ênfase em Equação de Estado, Equilíbrio de Fases e Transições de Fase, atuando principalmente no seguinte tema: water anomalies, phase transition, criticality. (Texto informado pelo autor)"
2402619959878318,Dalila Chaves Sicupira,638,"Possui graduação em Química Industrial pela Universidade Federal de Ouro Preto (2008), mestrado em Engenharia Metalúrgica e de Minas pela Universidade Federal de Minas Gerais (2012) e doutorado em Engenharia Química pela Universidade Federal de Minas Gerais (2016) com período sanduíche na Ohio State University (OSU). Atualmente é professora do departamento de Química da Universidade Federal de Ouro Preto, coordenadora do programa de pós graduação REDEMAT (UFOP-UEMG) e coordenadora do Laboratório de Ensaios Eletroquímicos e Corrosão (LEEC-DEQUI-UFOP). Tem experiência na área de eletroquímica e corrosão. (Texto informado pelo autor)"
2656804839083572,Milton Sergio Fernandes de Lima,483,"Possui graduação em Física, mestrado e doutorado em Engenharia Metalúrgica. Pesquisador do Instituto de Estudos Avançados (IEAv) e professor do Programa de Pós-Graduação em Ciências e Tecnologias Espaciais do Instituto Tecnológico de Aeronáutica (ITA). É especializado em metalurgia física e em aplicações industriais de lasers, atuando principalmente nos seguintes temas: soldagem a laser, tratamentos de superfície, manufatura aditiva e nanotecnologia. (Texto informado pelo autor)"
2907189124654066,Vagner Roberto Botaro,821,"Possui graduação em Bacharel em Quimica com atribuicoes tecnologicas pela Universidade de São Paulo (1987), mestrado em Físico-Química pela Universidade de São Paulo (1992) e doutorado em Físico-Química pela Universidade de São Paulo (1996). O pós-doutorado foi realizado na École Française de Paeterie et dês Insdutries Graphiques ? Grenoble/Fr no grupo de materiais poliméricos naturais. Atualmente é professor associado - Campus Sorocaba e Pesquisador Produtividade do CNpq.Tem experiência na área de Química, com ênfase em Físico-Química Orgânica, atuando principalmente nos seguintes temas: Materiais compósitos, celulose, modificação de polissacarídeos, lignina, processos de polpação, produção de géis derivados de polissacarídeos, e emprego de fibras vegetais em materiais compósitos. (Texto informado pelo autor)"
3404921714552476,Luiz Cláudio Cândido,1179,"Possui graduação em Engenharia Metalúrgica pela Universidade Federal de Ouro Preto (1981), mestrado em Engenharia de Minas, Metalúrgica e de Materiais pela Universidade Federal do Rio Grande do Sul (1987) e doutorado em Engenharia Metalúrgica e de Minas pela Universidade Federal de Minas Gerais (1996). Atualmente é Professor Titular, da Escola de Minas/Universidade Federal de Ouro Preto. Tem experiência em áreas de Engenharia de Materiais e Metalúrgica, com ênfase em Corrosão, Metalurgia Mecânica, Soldagem, Análise de Falhas e Seleção de Materiais. É fundador, juntamente com Leonardo Barbosa Godefroid e Willy Ank de Morais, do Grupo de Estudos sobre Fratura de Materiais (GEsFraM). É co-responsável pelo Curso de Análise de Falhas da ABM, desde 2001. Coordenador do tema ""Corrosão"" dos Congressos Anuais da ABM de 2005 a 2008, e de Soldagem em 2016. Professor de Especialização em Processos de Fabricação Metalúrgica (ABM/PUC MG). Professor dos Programas de Pós-Graduação: Engenharia de Materiais (REDEMAT) e Construção Metálica (Departamento de Eng. Civil/UFOP). Revisor dos periódicos Engineering Failure Analysis e Revista Escola de Minas. (Texto informado pelo autor)"
3405298711596512,Rodrigo Rangel Porcaro,720,"Doutorado em Engenharia de Materiais pela REDEMAT (2019), mestrado em Engenharia de Materiais pela REDEMAT (2014) e graduação em Engenharia Metalúrgica pela Escola de Minas da UFOP (2010). Possui experiência como pesquisador no setor privado e no setor público, atuando principalmente nos temas: metalurgia da soldagem, processos de soldagem, metalurgia física, simulação numérica computacional da soldagem, ensaios não destrutivos, análise de falhas. Possui também experiência como professor em ensino técnico e superior. Atualmente é Professor em metalurgia da soldagem e ensaios não destrutivos na Escola de Minas da UFOP e membro do Grupo de Estudos Sobre Fratura de Materiais (GEsFraM). (Texto informado pelo autor)"
3715416536248469,Gilberto Henrique Tavares Álvares da Silva,1515,"Engenheiro Metalúrgico pela Escola de Minas da Universidade Federal de Ouro Preto - EM/UFOP (2011) e Doutor em Engenharia Aeronáutica e Mecânica pelo Instituto Tecnológico de Aeronáutica - ITA (2015). Atualmente é professor adjunto de Físico-química Metalúrgica e Termodinâmica das Transformações de Fases do Departamento de Engenharia Metalúrgica e de Materiais da Escola de Minas - Universidade Federal de Ouro Preto. Desde 2017 é professor permanente do Programa de Pós-graduação em Engenharia de Materias da Rede Temática em Engenharia de Materiais (REDEMAT). Possui experiência em técnicas de caracterização microestrutural - Microscopia Eletrônica de Varredura (SEM) e Difração de Elétrons Retro-espalhados (EBSD), atuando na preparação de amostras e estudos microestruturais, texturais e de transformações de fases. Na área de Engenharia Aeronáutica e Mecânica atua na elaboração/fusão - processos VAR, VIM e EBM, caracterização microestrutural e térmica de ligas NiTi, NiTiAg, NiTiNb com Efeito Memória de Forma e Aços Maraging. Desenvolve pesquisas acerca das transformações de fase difusionais e adifusionais (Transformações Martensíticas Termoelásticas e Não-termoelásticas) no estado sólido e caracterização avançada de metais, ligas metálicas e minerais, além de minerais-minérios voltados para processos inovadores de aglomeração a quente e a frio. É membro do ITASMART Group - ITA Shape Memory Alloys Research and Technology do Instituto Tecnológico de Aeronáutica - ITA. (Texto informado pelo autor)"
4012812193989993,Ana Paula Moreira Barboza,638,"Professora Adjunta do Departamento de Física da Universidade Federal de Ouro Preto (UFOP) desde 2015. Obteve os graus de Bacharel (2005), mestre (2008) e doutora (2012) em Física, pela Universidade Federal de Minas Gerais, investigando propriedades eletromecânicas de nanomateriais utilizando técnicas de Microscopia de Varredura por Sonda (SPM). Em seus projetos de pesquisa atuais a Microscopia de Varredura por Sonda é utilizada como ferramenta principal para investigação, manipulação e controle das propriedades de nanoestruturas, estudos em novos materiais bidimensionais, fibras de celulose e colágeno. (Texto informado pelo autor)"
4062848906639188,Versiane Albis Leão,798,"Possui graduação em Engenharia Metalúrgica pela Universidade Federal de Ouro Preto (1989), mestrado (1993) e doutorado (2001) em Engenharia Metalúrgica e de Minas pela Universidade Federal de Minas Gerais, com estágio Sanduiche na Universidade de Melbourne. Atualmente é professor titular da Universidade Federal de Ouro Preto. Tem experiência na área de Engenharia de Materiais e Metalúrgica, com ênfase em Hidrometalurgia, atuando principalmente nos seguintes temas: lixiviação e purificação de soluções, tratamento de efluentes líquidos com ênfase em remoção de sulfato e manganês contidos em drenagem ácida e neutra de mina; Oxidação de sulfetos (zinco, niquel e cobre); mineração urbana, biolixiviação e outros processos biotecnológicos aplicados ao setor mineral. (Texto informado pelo autor)"
4301721255586074,Nelcy Della Santina Mohallem,1478,"Possui graduação em Física pela Unicamp (1977), mestrado em Ciências Técnicas Nucleares pela UFMG (1982) e doutorado em Física Aplicada pela USP (1990). Fez seu pós-Doc no CETEC-MG, em síntese hidrotérmica de materiais ferroelétricos e magnéticos. Atualmente é professora Titular do Departamento de Química e Assessora Científica, representante da UFMG, do CIGRÉ-Brasil (Comitê Nacional Brasileiro de Produção e Transmissão de Energia Elétrica). Tem experiência na área de Química dos Materiais, com ênfase em Física e Química do Estado Condensado, atuando principalmente nos seguintes temas: nanociência e nanotecnologia, processos sol-gel, coprecipitacao e hidrotérmico. Trabalha com a síntese, caracterização e aplicação de materiais nanoparticulados, nanocompositos, ferrofluidos e filmes finos. Entre os materiais, estuda minerais naturais (geoquímica), sistemas magnéticos como ferritas (suaves e duras) ligas, eletrodos de prata e suas aplicações, óxidos metálicos de silício, alumínio, titânio, nióbio, zinco, titanato de bário e aluminato de lítioCriou uma empresa ''spin off'' do Laboratório de Materiais Nanoestruturados, a Nanum Nanotecnologia Ltda em 2003, que hoje é exportadora de produtos nanoparticulados. Desenvolveu projetos em parceria com várias empresas como CEMIG, NACIONAL DE GRAFITE LTDA, MAGNESITA, SIGMA INSTRUMENTOS, PETROBRÁS, entre outras. Presta consultoria a empresas como EKOS e AMPLO, relacionadas ao meio ambiente. (Texto informado pelo autor)"
4629729793297288,Antonio Valadao Cardoso,375,"Eng Civil-UFMG (1981), mestre em Eng. Metal.-UFMG(1988) e doutor em Eng de Materiais - Univ. de Sheffield-Inglaterra (1992); pós-doutorado em Bioreologia (Paris VII,2000). Professor da UEMG (Univ do Estado de MG) e do Programa de Pós-Graduação em Engenharia de Materiais REDEMAT UFOP-UEMG. Áreas de pesquisa: Bioengenharia e Materiais Biológicos. (Texto informado pelo autor)"
5363949257736410,Denise Crocce Romano Espinosa,1404,"Possui graduação em Engenharia Metalúrgica pela Universidade de São Paulo (1995), mestrado e doutorado em Engenharia Metalúrgica pela Universidade de São Paulo, em 1998 e 2002 respectivamente. Fez estágio de pesquisa de 8 meses no Massachussetts Institute of Technology (EUA) em 2001 e foi professora visitante na University of British Columbia (Canadá) por um período de 12 meses (2015-2016). De 2009 a 2014, foi Professora Associada do Departamento de Engenharia Metalúrgica e de Materiais da Escola Politécnica da USP. Foi coordenadora do Programa da Pós-Graduação em Engenharia Metalúrgica da Escola Politécnica da USP (2012-2014), suplente de coordenação da comissão de Pesquisa do Departamento de Engenharia Metalúrgica e de Materiais da EPUSP (2009-2012). Atualmente, é Professora Associada do Departamento de Engenharia Química da EPUSP, membro titular da Comissão Coordenadora de Programa de Pós-Graduação em Engenharia Química da EPUSP (2014-atual) e Vice-chefe do Departamento de Engenharia Química da EPUSP (2024-2026). Atua como Assessora Técnica de Gabinete na Superintendência de Gestão Ambiental da USP (2018-2026) e é representante da USP junto ao Conselho Estadual do Meio Ambiente (2020-2023). Atua principalmente nos seguintes temas: reciclagem, tratamento de resíduos, hidrometalurgia, metalurgia extrativa, reciclagem de equipamentos eletro-eletrônicos. (Texto informado pelo autor)"
6221953730638193,Matheus Josué de Souza Matos,1974,"Vice-coordenador do Programa de Pós-Graduação em Engenharia de Materiais - UFOP-UEMG (REDEMAT). Professor Adjunto do Departamento de Física da Universidade Federal de Ouro Preto (UFOP) e Bolsista de Produtividade em Pesquisa do CNPq Nível 2. Possui graduação em Física pela Universidade Estadual de Feira de Santana (2007), mestrado (2009) e doutorado (2014) em Física pela Universidade Federal de Minas Gerais (UFMG), com ênfase em Física da Matéria Condensada. Realizou estágio de pós-doutorado na UFMG (20142015), com apoio da CAPES. É um dos líderes do grupo de pesquisa The Nanoscale Physics Group NANO (CNPq), atuando no estudo teórico de materiais em escala nanométrica com métodos baseados na Teoria do Funcional da Densidade (DFT), dinâmica molecular e simulações ab initio. Suas linhas de pesquisa incluem propriedades estruturais e eletrônicas de semicondutores, moléculas orgânicas funcionais, materiais bidimensionais e heteroestruturas. Tem atuação destacada em projetos interdisciplinares voltados à investigação e engenharia de novos materiais funcionais, com ênfase especial em materiais bidimensionais obtidos a partir de minerais naturais abundantes e de baixo custo. Trabalha na modelagem e predição de propriedades emergentes desses materiais como magnetismo, resposta óptica e acoplamento spin-órbita e na construção de heteroestruturas artificiais por meio de simulações multiescala e manipulação mecânica em nível atômico. Paralelamente, desenvolve pesquisa aplicada em colaboração com o setor industrial, utilizando técnicas de modelagem multiescala para compreender mecanismos de aglomeração a frio. Participa de colaborações nacionais e internacionais com grupos experimentais e teóricos nas áreas de nanociência, espectroscopia e engenharia de materiais, com inserção ativa em redes estratégicas como a Rede Mineira de Pesquisa em Materiais Bidimensionais e suas Aplicações Rede 2D e INCT de Nanomateriais de Carbono. (Texto informado pelo autor)"
7172124269609011,Johne Jesus Mol Peixoto,1094,"Doutor em Engenharia de Materiais pela Rede Temática em Engenharia de Materiais - REDEMAT (UFOP-UEMG), 2016-2019. Mestre em Engenharia de Materiais pela REDEMAT (UFOP-UEMG), 2016. Graduado (bacharelado - 2009-2013) em Engenharia Metalúrgica pela Universidade Federal de Ouro Preto. Atualmente é Professor Adjunto no Departamento de Engenharia Metalúrgica e de Materiais, Escola de Minas - UFOP, coordena o laboratório de Pirometalurgia e Simulação (DEMET/UFOP), realizando pesquisa em modelamento físico e simulação fluidodinâmica computacional de reatores metalúrgicos. Leciona disciplinas de Fenômenos de Transporte aplicado à Metalurgia; e Metalurgia de Ferro-ligas. Orienta alunos de mestrado e doutorado na REDEMAT (pós-graduação em Engenharia de Materiais), e coordena projetos de pesquisa utilizando modelamento físico e simulação fluidodinâmica para avaliar reatores metalúrgicos, desde os processos de redução até o processo de solidificação (lingotamento contínuo), visando melhoria de limpidez da liga, aumento de rendimento metálico e redução de custos. (Texto informado pelo autor)"
7238982117122755,Heloisa Nazaré dos Santos,1347,"Pós-doutorado na temática ferramentas para multiplicadores em Design de Moda pela Escola de Artes, Ciências e Humanidades da Universidade de São Paulo - EACH/USP. Doutora em Engenharia de Materiais pela Rede Temática em Engenharia de Materiais - REDEMAT - UFOP / UEMG. Mestra em Engenharia de Produção, pela Universidade Federal de Minas Gerais/UFMG. Graduada em Desenho Industrial e Educação Artística, pela Universidade do Estado de Minas Gerais/UEMG. Atualmente exerce o cargo de diretora da Escola de Design da UEMG - Universidade do Estado de Minas Gerais, professora e pesquisadora da Escola de Design/UEMG, onde leciona as disciplinas: Materiais Têxteis, Pesquisa e Planejamento de Coleção, Desenvolvimento de Calçados. Professora colaboradora do Programa de Pós-graduação em Design - PPGD/UEMG, Professora Permanente do Programa de Pós-Graduação do Mestrado Profissional em Design de Moda PPGDM/UEMG e Professora Colaboradora do Programa de Pós-Graduação em Engenharia de Materiais da Universidade Federal de Ouro Preto - REDEMAT/UFOP. É membro do Comitê de Avaliação do Instituto de Pesquisa em Design da Rede de Pesquisadores em Design da Universidade de Palermo/Argentina. As áreas de atuação e interesse são: Projeto de Produto e Moda, Indústria Calçadista, Têxtil e do Vestuário, Joias e Sustentabilidade. (Texto informado pelo autor)"
7307092459450276,Marcelo Gomes Speziali,1149,"Professor Associado do Departamento de Química da Universidade Federal de Ouro Preto (UFOP). Diretor Técnico do FORTEC (20252027). Em 2025, passou a integrar o Grupo Interministerial de Propriedade Intelectual (GIPI) como representante do FORTEC e o grupo de trabalho da FINEP sobre Deeptechs; Membro da coordenação da Regional Sudeste do FORTEC (20192024); Membro do Conselho Deliberativo Estadual do SEBRAE/MG (20222024); Diretor de Ciência, Tecnologia e Inovação da FAPEMIG (20212024); Coordenador da empresa júnior do Departamento de Química da UFOP (20192021); Bolsista de Produtividade em Desenvolvimento Tecnológico e Extensão Inovadora DT2 (20202023); Coordenador do Núcleo de Inovação Tecnológica e Empreendedorismo e da Incubadora de Empresas Incultec/UFOP (20142017). Pesquisador visitante no MIT Koch Institute for Integrative Cancer Research (2013). Doutor em Catálise pela UFRGS (2012), com estágio na Universidade Técnica de Munique (TUM, Alemanha). Mestre em Química Inorgânica (2008) e bacharel em Química (2006) pela UFMG. Foi premiado em competições de empreendedorismo, modelo de negócios e inovação. (Texto informado pelo autor)"
7360474381329605,Paulo Santos Assis,3987,"Possui graduação em Engenharia Metalúrgica pela Universidade Federal de Minas Gerais (1975), Medalha de Ouro Prêmio Alcindo Vieira, Mestrado em Engenharia Metalúrgica e de Minas pela Universidade Federal de Minas Gerais (1978) e Doutorado em Metalurgia na Rheinisch-Westfalische Technische Hochschule/Aachen (1991). Trabalhou como pesquisador na Acesita de 1975 a 1984, como pesquisador. Nesta empresa participou no desenvolvimento de estudo de viabilidade técnica e econômica da injeção de carvão vegetal pulverizado em altos-fornos e na sua aplicação com sucesso a partir de outubro de 1981. Chefe de Serviço Técnica Siderúrgica na Mannesmann de 1984 a 1993. Desenvolveu o estudo de viabilidade técnica e econômica da injeção de carvão pulverizado em altos-fornos nesta empresa. Colaborou na Universidade Federal Fluminense, em Volta Redonda, entre 1993 e 1995, como professor Visitante, na implantação do programa de Excelência em Siderurgia, através de seu programa de pós-graduação em metalurgia. Foi assessor da CA-TEC: Câmara de Engenharia e Arquitetura da Fundação de Amparo à Pesquisa do Estado de Minas Gerais entre 2001 e 2005 e Diretor da regional Minas Gerais da Associação Brasileira de Metalurgia e Materiais entre 1996 a 2001. Foi agraciado por três vezes no Student Contest nos EUA, em 2009, em St Louis, pelo terceira melhor contribuição nessa seção e em 2011, em Indianápolis, pela segunda melhor contribuição também na mesma seção e em 2014, em Indianápolis, pela terceira melhor contribuição na área de biomassa. Já coordenou mais de 80 projetos de pesquisa e desenvolvimento e apresentou mais de 300 contribuições técnicas a seminários nacionais, internacionais, revistas indexadas nacionais e internacionais. Já foi laureado por sete vezes em trabalhos apresentados por sua excelência no Brasil, respectivamente em 1995, 1996, 2008, 2010, 2013, 2017, 2019 e 2022, por papers; na área de materiais, minério-de-ferro, alto-forno, energia, redução e aglomeração de minérios, inovação e meio-ambiente. Também foi agraciado pelo programa das Nações Unidas para o Desenvolvimento - PNUD pela CT em Siderurgia Sustentável. É professor Titular da Universidade Federal de Ouro Preto desde 1994, Professor Honorário da Hebei Technology University, Tangshan (China). Professor Permanente da REDEMAT (UEMG/UFOP) desde 1996; professor colaborador do FIMAT (Ciência dos Materiais), UFOP, desde 2015, além de ser pesquisador em Energia, Fabricação de ferro e aço, Meio ambiente e Qualidade. Pesquisador do CNPq. Tem experiência na área de Engenharia de Materiais e Metalúrgica, com ênfase em Metalurgia Extrativa, atuando principalmente nos seguintes temas: siderurgia: redução e refino, injeção de materiais pulverizados, desenvolvimento de novos materiais, meio-ambiente, projetos para melhoria da qualidade e aumento de produtividade. Membro do conselho da EcoEnviroX. Revisor da revista Tecnologia em Metalurgia, Materiais e MIneração. Editor Associado da REM. Consultor ad-hoc da USP: Escola Politécnica. Coordenador do Núcleo de Siderurgia, Energia e Meio Ambiente da Escola de Minas da UFOP. Diretor da ABM: Associação Brasileira de Metalurgia, Mineração e Materiais, 2013. Membro do Conselho da ABM, 2015, 2017 e 2019. Presidente do colegiado da REDEMAT (2013-2017). Perito assistente em processos jurídicos e administrativos do estado e do governo federal, na sua área de competência. Participou de concursos de seleção de professores da USP, UFRGS, UFOP e CEFET-MG. Participou de concursos na India/Indian Institue of Science em Bangalore, bem como na avaliação em banca de doutorado na Austrália. Já orientou mais de dez doutores e quarenta e cinco mestres, além de ter supervisionado mais de 7 pós-doutores Laureado no Indian Institute of Technology em Varanasi, India e no Panamá no Assis International Symposium in Iron Steelmaking pela FLOGEN/Canadá. Convidado a fazer uma plenária no Asia Conference, na China, 2024 Status: Junho 2026 (Texto informado pelo autor)"
7624637352404779,Claudio Gouvea dos Santos,1390,"Possui graduação em Química (Licenciatura e Bacharelado) pela Universidade Federal de Minas Gerais (1986 e 1988), doutorado em Química de Polímeros pela Universidade de Sussex (Reino Unido - 1992) e pós-doutorado pela Universidade de Kent em Canterbury (Reino Unido - 1999). Foi pesquisador visitante na Universidade de Cornell, EUA, de 2009 a 2011. Atualmente é professor titular da Universidade Federal de Ouro Preto, onde ministra aulas no curso de graduação em Química e de pós-graduação nos programas de Ciência e Engenharia de Materiais (REDEMAT). Foi coordenador da comissão de elaboração e correção das provas de Química dos vestibulares da UFOP até 2009. Tem experiência na área de Química Orgânica, com ênfase em síntese e caracterização de materiais poliméricos e compósitos. Já orientou ou co-orientou duas teses de doutorado, várias dissertações de mestrado e diversos alunos de iniciação científica, bem como participou de bancas de mestrado e doutorado. Foi coordenador administrativo do curso de Ciencia e Engenharia de Materiais (REDEMAT) e chefe do Departamento de Química da UFOP no biênio 2015-2017. É membro da Sociedade Brasileira de Química, da Associação Brasileira de Polímeros, do Subcomitê de Terminologia de Polímeros da Divisão de Polímeros da IUPAC e foi representante do Brasil na área de Química no Projeto TUNING América Latina. (Texto informado pelo autor)"
7877747460307517,Waldemar Augusto de Almeida Macedo,1429,"Bacharel em Física pela Universidade Estadual de Campinas (1977), especialista em Tecnologia Nuclear (1979) e mestre em Ciências Técnicas Nucleares pela Universidade Federal de Minas Gerais (1983) e doutor em Física pela Universidade de Duisburg, Alemanha (1988). Foi pesquisador visitante na Universidade da Califórnia San Diego, EUA. É PesquisadorTitular III (desde 12/2025, Colaborador aposentado) da Comissão Nacional de Energia Nuclear (CNEN), atuando no Centro de Desenvolvimento da Tecnologia Nuclear (CDTN), Professor Permanente do Programa de Pós-Graduação do CDTN e Professor Visitante Sênior do Programa de Pós-Graduação em Ciências - Física de Materiais, da Universidade Federal de Ouro Preto (PPGC - FIMAT, ICEB/UFOP). Participante do Programa Pesquisador Mineiro, da FAPEMIG. Foi membro da diretoria científica da SBPMat de 2010 a 2014. Foi Diretor do CDTN de 10/2014 a 12/2018 e chefe da sua Divisão de Pesquisa e Desenvolvimento (DIPED, 04-10/2024). Tem experiência nas áreas de Física da Matéria Condensada Experimental e Ciências dos Materiais, atuando principalmente nos seguintes temas: materiais magnéticos nanoestruturados, filmes finos e ultrafinos, física de superfícies, espectroscopia de elétrons, espectroscopia Mössbauer e interações hiperfinas, metais e ligas, radiação síncrotron em materiais, materiais nanoestruturados para bioaplicações, nanociência e nanotecnologia. (Texto informado pelo autor)"
8755682183778618,Guilherme Jorge Brigolini Silva,1133,"Bolsista de Produtividade em Pesquisa CNPq - PQ 2. Possui graduação em Engenharia Civil pela Universidade Federal de Minas Gerais (1999), Licenciatura Plena em Matemática e Estatística pela UTRAMIG - Fundação de Educação para o Trabalho de Minas Gerais (2001), Mestrado em Ciência dos Materiais pelo Curso de Pós-Graduação em Engenharia Metalúrgica e de Minas da Universidade Federal de Minas Gerais (2006), Doutorado em Ciência dos Materiais pelo Curso de Pós-Graduação em Engenharia Metalúrgica e de Minas da Universidade Federal de Minas Gerais (2011). Atualmente é professor Associado com dedicação exclusiva da Universidade Federal de Ouro Preto e professor no programa de Pós-graduação PROPEC, NUGEO e RedeMat. Coordenador do Grupo de Pesquisas ATIVE - CNPq. Coordenador do Laboratório de Construção Civil - UFOP. Vice coordenador do PROPEC - Programa de Pós Graduação em Engenharia Civil. Tem experiência na área de Engenharia de Materiais, com ênfase em materiais cerâmicos, cimento Portland, cimentos alcalinos ativados, aproveitamento de resíduos, atividade pozolânica e processos Construtivos. (Texto informado pelo autor)"
8756368667136851,Ive Silvestre de Almeida,1396,"Possui Graduação (2006), Mestrado (2009) e Doutorado (2013) em Física pela Universidade Federal de Minas Gerais. Durante o mestrado adquiriu experiência na fabricação e caracterização de dispositivos emissores de luz baseados em polímeros conjugados. Durante o Doutorado especializou-se na área de nanomateriais, estudando propriedades elétricas e conformacionais do grafeno em meios gasosos e líquidos. No período de 2011-2012 realizou o Doutorado sanduíche, na Universidade de Cornell (Ithaca-EUA), trabalhando no grupo do professor Paul L. McEuen.Atualmente é professora Adjunta do Departamento de Física da Universidade Federal de Ouro Preto. Tem experiência no crescimento de grafeno CVD e no estudo de propriedades elétricas, mecânicas e conformacionais do grafeno (esfoliado e CVD) quando sujeito a diferentes ambientes gasosos e líquidos. Seus projetos atuais envolvem a investigação de propriedades elétricas e conformacionais de compósitos de nanocelulose e nanotubos de carbono visando aplicação em sensores, estudo do estado de aglomeração de nanocelulose pela modificação da força iônica do meio, síntese e caracterização de nanomateriais 2D crescidos por deposição química em fase vapor (CVD), e produção de micro e nanodispositivos a partir de litografia ótica, incluindo plataformas microfluídicas com membranas 2D suspensas. Mãe do Pedro, de 10 anos. (Texto informado pelo autor)"
8915679278888857,Fernando Gabriel da Silva Araujo,1017,"Professor Associado da Universidade Federal de Ouro Preto - UFOP, Diretor do Departamento de Pesquisa em Engenharia e Educação Continuada - DEPEC da Fundação Gorceix, Diretor Superintendente da Fundação Victor Dequech, Presidente do CIALab. Graduado em Física pela Universidade Federal de Minas Gerais - UFMG (1987), Mestre em Engenharia Metalúrgica e de Minas pela UFMG (1990) e Doutor em Engenharia Metalúrgica e de Minas pela UFMG (1994), com Estágio Doutoral de 2 anos na Universidade da Flórida. Realizou Pós-Doutorado em Síntese Hidrotérmica, no CETEC (1994) e em Reciclagem de Materiais, na Universidade de São Paulo - USP (2003); Professor Visitante da Escola Politécnica da USP de 2022 a 2023. Tem experiência na área de Engenharia de Materiais e Metalúrgica, com ênfase em Cerâmicos, Geometalurgia e Metalurgia Física, atuando principalmente nos seguintes temas: titanato de bário, síntese hidrotérmica, reciclagem, indução eletromagnética, geometalurgia e análise de materiais. (Texto informado pelo autor)"
9004123547060623,Víctor de Andrade Alvarenga Oliveira,524,Possui graduação em QUÍMICA INDUSTRIAL pela Universidade Federal de Ouro Preto (2004) e LICENCIATURA PLENA EM QUÍMICA pela Utramig. Possui mestrado em ENGENHARIA DE MATERIAIS pela Redemat e Doutorado em Engenharia de Processos Químicos e Metalúrgicos pela PUC-Rio. Atualmente é professor adjunto e presidente da Universidade Federal de Ouro Preto / Escola de Minas onde é coordenador do laboratório de pirometalurgia dos não ferrosos e Presidente do Colegiado do Curso de Engenharia Metalúrgica. (Texto informado pelo autor)
9071139796908984,Carlos Antonio da Silva,621,"Possui graduação em Engenharia Metalúrgica pela Universidade Federal de Ouro Preto (1980), mestrado em Engenharia Metalúrgica e de Minas pela Universidade Federal de Minas Gerais (1986) e doutorado em Metallurgical And Materials Engineering - Colorado School of Mines (1992). Atualmente é prof. Titular (aposentado, outubro 2023) da Universidade Federal de Ouro Preto. Tem experiência na área de Engenharia de Materiais e Metalúrgica, com ênfase em Metalurgia Extrativa, atuando principalmente nos seguintes temas: comportamento fluidodinâmico, modelagem física e matemática, hidrometalurgia. (Texto informado pelo autor)"
9945942332231660,Taíse Matte Manhabosco,1310,"Possui graduação em Engenharia de Materiais pela Universidade Federal do Rio Grande do Sul(2002), mestrado em Engenharia de Minas, Metalúrgica e de Materiais pela Universidade Federal do Rio Grande do Sul(2005), doutorado em Engenharia de Minas, Metalúrgica e de Materiais pela Universidade Federal do Rio Grande do Sul(2009), pós-doutorado pela Université de Bourgogne(2012) e pós-doutorado pela Universidade Federal do Rio Grande do Sul(2009). Atualmente é Professor Associado da Universidade Federal de Ouro Preto, Revisor de periódico da ACS Applied Materials & Interfaces, Revisor de periódico da Surface & Coatings Technology, Revisor de periódico da Ionics (Kiel), Revisor de periódico da The Journal of Physical Chemistry. A, Revisor de periódico da Corrosion Science, Revisor de periódico da Tribology Letter, Revisor de periódico da Materials Science in Semiconductor Processing, da Universidade Federal do Rio Grande, Revisor de projeto de fomento do Fundação de Apoio à Pesquisa do Estado da Paraíba e da Universidade Federal de Minas Gerais. Tem experiência na área de Engenharia de Materiais e Metalúrgica. Atuando principalmente nos seguintes temas:AFM, corrosão, desgaste, DLC (Diamond-like Carbon), Electrodeposition e líquidos orgânicos. (Texto gerado automaticamente pela aplicação CVLattes)"
